{"cameraMode":{"drawMode":0,"name":"Shaded","section":"Shading Mode"},"sceneLighting":true,"audioPlay":false,"sceneViewState":{"showFog":true,"showMaterialUpdate":false,"showSkybox":true,"showFlares":true,"showImageEffects":true,"showParticleSystems":true},"in2DMode":false,"pivot":{"x":0.11388468742370606,"y":0.7271909713745117,"z":0.2768363952636719},"rotation":{"x":0.1602359563112259,"y":-0.12814195454120637,"z":0.020990028977394105,"w":0.97855144739151},"size":25.01519775390625,"orthographic":false}